{
  "wp.001": [
    13.109891891479492,
    75.36546325683594,
    10.945083618164062
  ],
  "wp.002": [
    -23.550046920776367,
    75.36546325683594,
    -17.320035934448242
  ],
  "wp": [
    -51.36161804199219,
    75.36546325683594,
    10.714384078979492
  ],
  "wp.003": [
    -14.154012680053711,
    75.36546325683594,
    40.904571533203125
  ]
}